Id;Last_name;Name;Login;Password;Role;
0;Rodriguez;Theodore;user1;74575;admin
1;Torres;Zoey;user2;39054;admin
2;Taylor;Victoria;user3;00196;admin
3;Moore;Ava;user1;71563;user
4;Hernandez;Logan;user2;55335;user
5;Taylor;Jaxon;user3;64205;user
6;Thompson;Logan;user4;88373;user
7;Adams;Chloe;user5;04047;user
8;Anderson;Penelope;user6;77999;user
9;Garcia;Nora;user7;72319;user
10;Harris;Emma;user8;62744;user
11;Mitchell;Mila;user9;78204;user
12;Gonzalez;Matthew;user10;17388;user
13;Jackson;Ezra;user11;77018;user
14;Walker;Anthony;user12;99742;user
15;Johnson;Daniel;user13;75117;user
16;Jones;Zoe;user14;97919;user
17;Lopez;Benjamin;user15;98763;user
18;Harris;Oliver;user16;24151;user
19;Anderson;Levi;user17;70023;user
20;Garcia;Nova;user18;62117;user
21;Hall;Emily;user19;76541;user
22;Baker;Lucy;user20;01938;user
23;King;Henry;user21;45485;user
24;Flores;Asher;user22;79016;user
25;Thomas;Violet;user23;57742;user
26;Lopez;Mateo;user24;21123;user
27;Nelson;William;user25;50710;user
28;Flores;Emilia;user26;88613;user
29;Moore;Gabriel;user27;81818;user
30;Baker;Aria;user28;30547;user
31;Gonzalez;Noah;user29;09565;user
32;King;Layla;user30;99632;user
33;Brown;Aria;user31;74329;user
34;Lopez;Sebastian;user32;12704;user
35;Johnson;Abigail;user33;65031;user
36;Lopez;Carter;user34;43195;user
37;Lopez;Elizabeth;user35;90732;user
38;Jones;Avery;user36;62524;user
39;Smith;Asher;user37;93779;user
40;Martin;Noah;user38;27765;user
41;Adams;Zoey;user39;04136;user
42;Williams;Matthew;user40;46692;user
43;Lopez;Ezra;user41;35917;user
44;Taylor;Ethan;user42;66143;user
45;Green;Emily;user43;38294;user
46;Roberts;Michael;user44;31229;user
47;Green;Gianna;user45;58203;user
48;Baker;Joseph;user46;18695;user
49;Wilson;Josiah;user47;83537;user
50;Помидор;Егор;user48;78091;admin
